sampID,nosz1,nosz2,nirs1,nirs2,nirk1,nirk2,nrfa11,nrfa12,16S,16S2,nrfa21,nrfa22,original_sample_ID,site_ID,sample_period,crop,treatment,trt_type
DNRA16_017,-0.009122638,-0.169671356,-0.073070246,-0.068792039,0.04255632,0.081778762,-0.010874882,0.046813984,-0.006859562,-0.048555986,-0.012900596,-0.024870786,BC PP 11,Biochar,Post-plant,Corn,0+Biochar,Conventional
DNRA16_018,-0.087905889,-0.048257052,0.063826609,0.185089515,-0.161813812,-0.037680967,-0.027246498,0.022744409,0.040174495,-0.05334185,-0.00486009,-0.062289995,BC PP 12,Biochar,Post-plant,Corn,0+Biochar,Conventional
DNRA16_019,0.14717142,0.104971431,,,,,-0.062375646,0.104348115,0.083446031,-0.066654971,-0.03305499,-0.027839947,BC PP 13,Biochar,Post-plant,Corn,0+Biochar,Conventional
DNRA16_020,0.130879095,0.016914491,,,-0.242736902,-0.1269001,-0.072808981,-0.031941684,0.086002747,-0.037196504,-0.075527861,-0.034796117,BC PP 14,Biochar,Post-plant,Corn,0+Biochar,Conventional
DNRA16_021,,,,,-0.304062866,-0.050196041,-0.15866578,0.074294705,0.075863073,-0.106904624,0.052921867,-0.101796495,BC PP 21,Biochar,Post-plant,Corn,240+Biochar,Conventional
DNRA16_022,,,,,-0.327140998,-0.029850106,-0.104325956,-0.112680169,0.041838289,-0.115626298,0.001522774,-0.04843378,BC PP 22,Biochar,Post-plant,Corn,240+Biochar,Conventional
DNRA16_023,0.012205097,-0.098543535,,,-0.222003959,0.051094694,-0.107932588,0.072676083,0.097065913,-0.028620772,0.007770828,-0.036751149,BC PP 23,Biochar,Post-plant,Corn,240+Biochar,Conventional
DNRA16_024,0.139892082,-0.007421964,0.068427197,0.153921683,-0.142912093,0.027056851,-0.065348787,0.147475894,0.100563957,-0.051723938,0.006313401,-0.071066079,BC PP 24,Biochar,Post-plant,Corn,240+Biochar,Conventional
DNRA16_025,0.066340349,0.113656482,,,-0.199029803,-0.177536687,-0.108096722,0.037907747,0.003229262,-0.06504663,-0.041893677,-0.070428679,BC PP 31,Biochar,Post-plant,Corn,0+No Biochar,Conventional
DNRA16_026,,,,,-0.312774605,0.093082309,-0.197172984,0.037097904,0.022952161,-0.052621795,-0.087748065,-0.056974056,BC PP 32,Biochar,Post-plant,Corn,0+No Biochar,Conventional
DNRA16_027,0.078644439,0.153775224,,,-0.14792364,-0.212654028,-0.045878261,0.090828674,0.077211511,-0.052097302,-0.143706001,0.012157275,BC PP 33,Biochar,Post-plant,Corn,0+No Biochar,Conventional
DNRA16_028,-0.005210086,0.114853573,0.113675129,0.086635962,0.059812147,0.108777101,-0.016114835,0.177351648,0.104592162,-0.032970703,-0.157026397,0.15954104,BC PP 34,Biochar,Post-plant,Corn,0+No Biochar,Conventional
DNRA16_029,0.068693931,-0.077866155,0.071953126,-0.178935933,-0.086367638,0.065376679,-0.099291714,-0.042480904,-0.001239813,-0.068748154,-0.009403134,-0.041373844,BC PP 41,Biochar,Post-plant,Corn,240+No Biochar,Conventional
DNRA16_030,0.031544648,0.135238108,,,-0.157887615,-0.108430015,-0.090880372,-0.118210492,0.011233494,-0.051075494,-0.197755498,-0.173883029,BC PP 42,Biochar,Post-plant,Corn,240+No Biochar,Conventional
DNRA16_031,-0.028851589,-0.00779394,0.085188729,-0.306203356,-0.245807159,-0.107931827,-0.090754639,-0.008019274,0.078334537,-0.025526684,-0.107178916,-0.012306799,BC PP 43,Biochar,Post-plant,Corn,240+No Biochar,Conventional
DNRA16_032,0.067283185,0.048347902,0.195235051,0.264288731,-0.189353233,0.061281842,-0.175166058,0.069654582,0.085621251,-0.030857766,0.042547462,-0.096409928,BC PP 44,Biochar,Post-plant,Corn,240+No Biochar,Conventional
DNRA16_033,-0.002771458,-0.051639566,-0.064138121,-0.003280836,0.044743223,-0.090628052,-0.136476759,-0.043130496,0.084113143,-0.014016202,0.01818774,-0.062403535,EF PF 11,Energy Farm,Pre-fert,Soy,CSR,Conventional
DNRA16_034,0.108729112,-0.108656799,,,0.032544898,-0.198108475,0.078360242,0.216477472,-0.001294163,0.010782121,0.034905896,-0.088270117,EF PF 12,Energy Farm,Pre-fert,Soy,CSR,Conventional
DNRA16_035,-0.026848301,0.100078938,0.085007311,-0.076516957,0.18856211,0.171954374,-0.041035699,0.122615146,0.007354883,-0.075167018,-0.079003059,0.133318844,EF PF 13,Energy Farm,Pre-fert,Soy,CSR,Conventional
DNRA16_036,0.030184568,0.193257096,-0.072018027,-0.117357244,-0.039173487,0.130632852,-0.037387518,-0.137609385,0.001465273,0.014267538,-0.027890327,-0.098837146,EF PF 14,Energy Farm,Pre-fert,Soy,CSR,Conventional
DNRA16_037,0.011860033,0.056682804,-0.114262784,-0.086695749,0.177469827,0.096575436,0.094213803,-0.071725315,-0.041499379,0.06132473,0.112539368,0.088721477,EF PF 21,Energy Farm,Pre-fert,Miscanthus,Miscanthus fert,Perennial
DNRA16_038,-0.079095684,0.059725487,0.00649083,-0.138969989,0.148258977,-0.127572334,0.115164522,-0.141154729,-0.032418542,0.0705434,0.301807376,0.259855745,EF PF 22,Energy Farm,Pre-fert,Miscanthus,Miscanthus fert,Perennial
DNRA16_039,-0.158062609,-0.003490541,-0.278473218,0.071598959,0.293420634,0.246274757,0.389407692,-0.002573921,-0.143271807,0.120756613,0.226119499,0.176291105,EF PF 23,Energy Farm,Pre-fert,Miscanthus,Miscanthus fert,Perennial
DNRA16_040,0.032123196,0.081371217,-0.087237053,0.103726833,0.046060699,0.149615261,0.222025755,-0.052021237,-0.15027493,0.035504089,0.061807635,-0.016383717,EF PF 24,Energy Farm,Pre-fert,Miscanthus,Miscanthus fert,Perennial
DNRA16_041,-0.140004155,-0.096290312,-0.037001628,0.037116149,0.182980324,0.067696987,0.095189062,-0.026520288,-0.055564705,0.071804266,0.049466856,-0.021605269,EF PF 31,Energy Farm,Pre-fert,Miscanthus,Miscanthus unfert,Perennial
DNRA16_042,-0.148183089,-0.020558136,-0.164980323,0.044510198,0.14442418,0.127463454,,,-0.082159274,0.059002548,,,EF PF 32,Energy Farm,Pre-fert,Miscanthus,Miscanthus unfert,Perennial
DNRA16_043,-0.118327548,0.106994486,-0.138075337,0.084597851,0.145051334,-0.013945861,0.197748449,-0.095615933,-0.074841994,0.08070145,0.230086678,0.144242794,EF PF 33,Energy Farm,Pre-fert,Miscanthus,Miscanthus unfert,Perennial
DNRA16_044,-0.090844877,-0.0912036,0.214162809,-0.250481492,0.264710502,-0.032961811,0.110959866,-0.046174243,-0.062128299,0.188749682,0.145486567,0.045891114,EF PF 34,Energy Farm,Pre-fert,Miscanthus,Miscanthus unfert,Perennial
DNRA16_045,-0.07978839,0.029260022,-0.151857215,-0.036990064,0.121457428,0.157363884,0.110840705,-0.162363588,-0.055333341,0.102160517,0.168537357,-0.006742404,EF PF 41,Energy Farm,Pre-fert,Switchgrass,Switchgrass,Perennial
DNRA16_046,-0.027497203,-0.071655105,-0.232671008,0.072328431,0.179360605,-0.095688033,0.151873621,-0.044014763,0.016440092,0.124532835,0.166579802,0.10056702,EF PF 42,Energy Farm,Pre-fert,Switchgrass,Switchgrass,Perennial
DNRA16_047,-0.109255032,0.02717256,,,0.234116235,0.049776834,0.195381484,0.198544836,0.003707816,0.140939247,0.068842687,0.332334776,EF PF 43,Energy Farm,Pre-fert,Switchgrass,Switchgrass,Perennial
DNRA16_048,-0.08687445,0.043260542,0.129220854,0.053571567,0.180871166,0.081970675,0.243638826,0.149066995,-0.090816537,0.073564743,0.064267898,-0.026847997,EF PF 44,Energy Farm,Pre-fert,Switchgrass,Switchgrass,Perennial
DNRA16_049,-0.087541582,0.088099229,-0.25426209,-0.065297851,-0.109656954,0.214413678,-0.216657939,0.076895239,0.056737874,-0.028334659,0.017896756,-0.099923228,EF PP 11,Energy Farm,Post-plant,Soy,CSR,Conventional
DNRA16_050,-0.229980157,0.097351556,0.161785284,-0.173879852,0.074510914,-0.187607775,-0.166344137,-0.039039048,0.055722633,0.036093258,-0.051801535,-0.059309467,EF PP 12,Energy Farm,Post-plant,Soy,CSR,Conventional
DNRA16_052,0.05249109,-0.139125365,0.06306515,0.235780055,-0.03415445,-0.117316583,-0.038405865,-0.062487391,0.02782951,-0.015444773,0.028191551,-0.078696288,EF PP 13,Energy Farm,Post-plant,Soy,CSR,Conventional
DNRA16_053,0.024416762,0.130840139,,,0.250861317,-0.310733737,-0.14917211,0.053200738,0.051492778,0.010449525,0.053560248,-0.070356106,EF PP 14,Energy Farm,Post-plant,Soy,CSR,Conventional
DNRA16_054,-0.119366806,0.067500714,-0.16033802,0.007324125,0.231586497,-0.053156856,0.145032529,0.010875754,-0.026108522,0.045090672,0.046527203,-0.014780244,EF PP 21,Energy Farm,Post-plant,Miscanthus,Miscanthus fert,Perennial
DNRA16_055,-0.14456369,0.055794842,-0.052360227,-0.230820965,0.184722266,-0.140539837,0.231306588,0.057293804,0.026754846,0.157967342,0.085265122,0.193864016,EF PP 22,Energy Farm,Post-plant,Miscanthus,Miscanthus fert,Perennial
DNRA16_056,-0.203103249,0.00345922,,,0.410906085,-0.18762581,0.265024084,0.054253559,-0.113022099,0.126509879,0.224403583,0.200338951,EF PP 23,Energy Farm,Post-plant,Miscanthus,Miscanthus fert,Perennial
DNRA16_057,,,,,-0.14511901,-0.356416265,0.11893975,0.001389111,-0.090916719,0.059950088,0.054237846,-0.003305143,EF PP 24,Energy Farm,Post-plant,Miscanthus,Miscanthus fert,Perennial
DNRA16_058,,,,,,,0.147269877,0.064565043,0.024239803,0.133405329,0.075311072,0.007466597,EF PP 31,Energy Farm,Post-plant,Miscanthus,Miscanthus unfert,Perennial
DNRA16_059,-0.14181177,-0.04914009,,,0.30643341,0.17542857,0.098502185,0.073200446,-0.03662145,0.086332128,0.038787025,-0.015451817,EF PP 32,Energy Farm,Post-plant,Miscanthus,Miscanthus unfert,Perennial
DNRA16_060,-0.092786918,-0.169389961,,,0.201685441,-0.023751334,0.098221944,-0.110541229,-0.14384265,0.100360023,0.081436979,-0.005419777,EF PP 33,Energy Farm,Post-plant,Miscanthus,Miscanthus unfert,Perennial
DNRA16_061,-0.18544678,0.132810932,,,0.286139795,0.126524399,0.241766352,-0.042324414,-0.170409681,0.088500531,0.056332011,0.022863057,EF PP 34,Energy Farm,Post-plant,Miscanthus,Miscanthus unfert,Perennial
DNRA16_062,-0.106630346,-0.140174408,0.263231972,-0.033821258,0.294396504,0.067144748,0.172151063,0.095521336,0.01569418,0.184020372,0.109101451,0.263525382,EF PP 41,Energy Farm,Post-plant,Switchgrass,Switchgrass,Perennial
DNRA16_063,-0.081809852,-0.119919127,,,0.269122574,-0.08526129,0.117427463,0.052847882,-0.018440214,0.126808551,0.065582915,0.045882649,EF PP 42,Energy Farm,Post-plant,Switchgrass,Switchgrass,Perennial
DNRA16_064,-0.247624833,-0.021453837,,,0.404557515,-0.101634733,0.147227604,0.217589452,-0.000787396,0.164833787,0.027569579,0.257232225,EF PP 43,Energy Farm,Post-plant,Switchgrass,Switchgrass,Perennial
DNRA16_065,-0.036758053,-0.202802449,,,0.372922725,-0.010200075,0.194874057,-0.017769176,-0.085335912,0.141654997,0.056701114,-0.01216069,EF PP 44,Energy Farm,Post-plant,Switchgrass,Switchgrass,Perennial
DNRA16_066,-0.152800651,0.022675559,-0.222357079,-0.295486865,0.028863907,0.304507946,0.068118918,0.014656587,-0.072301549,-0.037729969,0.036003788,-0.068434725,PB PP 11,Perennial Buffers,Post-plant,Corn,Corn simple,Conventional
DNRA16_067,,,,,-0.119546929,0.09162707,-0.024493271,0.132040758,0.012950024,-0.005614542,0.009510574,-0.069116441,PB PP 12,Perennial Buffers,Post-plant,Corn,Corn simple,Conventional
DNRA16_068,0.196792024,0.029833472,,,-0.130047962,-0.110786729,0.041862279,-0.288812031,0.007620993,-0.034772438,0.124439271,-0.095467082,PB PP 13,Perennial Buffers,Post-plant,Corn,Corn simple,Conventional
DNRA16_069,0.096561566,-0.213422595,,,-0.175627836,0.343764006,-0.126390148,0.016942492,-0.039562241,-0.130342079,0.042806176,-0.109008502,PB PP 14,Perennial Buffers,Post-plant,Corn,Corn simple,Conventional
DNRA16_070,0.180512761,0.0596912,,,-0.187332265,0.180766201,-0.192337435,-0.010159697,0.057510219,-0.031203133,-0.089787145,-0.210258218,PB PP 21,Perennial Buffers,Post-plant,Corn,Corn complex,Conventional
DNRA16_071,-0.516378656,0.065015406,,,0.00969518,0.273056388,-0.046935071,-0.100593652,0.012447994,-0.102936903,0.034166097,-0.050075474,PB PP 22,Perennial Buffers,Post-plant,Corn,Corn complex,Conventional
DNRA16_072,-0.005539674,-0.142366609,-0.15247104,0.121845959,0.092151459,0.074051617,0.004673021,0.014332569,0.033231086,-0.009063706,0.045864834,-0.073540045,PB PP 23,Perennial Buffers,Post-plant,Corn,Corn complex,Conventional
DNRA16_073,-0.066859894,-0.068119784,0.308807507,-0.064747001,0.010041858,0.133460795,-0.123274318,-0.082591277,0.093356563,-0.07982432,0.030453929,-0.104600987,PB PP 24,Perennial Buffers,Post-plant,Corn,Corn complex,Conventional
DNRA16_074,0.015746632,0.258548254,,,0.23310201,0.271296683,0.033041769,0.113182023,-0.077493965,-0.048854485,0.041519714,-0.089403268,PB PP 31,Perennial Buffers,Post-plant,Switchgrass - new,Bioenergy simple,Perennial - new
DNRA16_075,0.150094615,-0.084235242,0.125040348,0.026736441,0.101992121,-0.148518532,-0.03629274,-0.030633323,0.029433527,0.039915853,-0.112007906,-0.054083919,PB PP 32,Perennial Buffers,Post-plant,Switchgrass - new,Bioenergy simple,Perennial - new
DNRA16_076,-0.051244736,-0.1482703,,,0.252064115,-0.170136132,-0.201455174,0.173178121,0.03089489,0.012021763,0.009951541,0.04330202,PB PP 33,Perennial Buffers,Post-plant,Switchgrass - new,Bioenergy simple,Perennial - new
DNRA16_077,0.078892151,0.014803223,0.238822827,0.053151364,-0.05983648,0.210908429,0.028150347,-0.061704012,0.061785646,0.030808099,-0.033129739,0.104552101,PB PP 34,Perennial Buffers,Post-plant,Switchgrass - new,Bioenergy simple,Perennial - new
DNRA16_078,0.04497657,0.075240909,-0.115717027,-0.117564469,0.019031695,0.036363103,-0.242503748,0.030071803,-0.135430546,-0.048917841,0.057069535,-0.092611205,PB PP 41,Perennial Buffers,Post-plant,Switchgrass - new,Bioenergy complex,Perennial - new
DNRA16_079,-0.007780206,0.042718387,0.00133121,0.097494046,0.065425002,-0.023346953,-0.042092148,-0.046568572,0.016377911,-0.00420523,-0.034911661,0.003880295,PB PP 42,Perennial Buffers,Post-plant,Switchgrass - new,Bioenergy complex,Perennial - new
DNRA16_080,,,,,0.043024083,-0.321230066,-0.005466077,-0.085968755,0.117531553,0.016123101,0.083452894,-0.048497401,PB PP 43,Perennial Buffers,Post-plant,Switchgrass - new,Bioenergy complex,Perennial - new
DNRA16_081,0.022217478,0.005855517,0.002110361,0.016130344,-0.06433771,-0.052547245,0.012061394,0.078733607,0.090969543,0.036616395,-0.047241589,0.087141345,PB PP 44,Perennial Buffers,Post-plant,Switchgrass - new,Bioenergy complex,Perennial - new
DNRA16_082,0.03838883,-0.048836998,0.309308645,0.025884946,0.172025368,-0.294253834,-0.165052285,0.438407999,0.346555161,-0.034472743,-0.617551639,0.094636131,NT PP 11,PZM,Post-plant,Corn,PZM corn,Conservation - residue
DNRA16_083,0.058351087,-0.015275925,0.192891358,0.074035638,-0.099217306,-0.150865335,-0.126466009,0.215030559,0.190337355,-0.049660765,-0.128904922,-0.035992834,NT PP 12,PZM,Post-plant,Corn,PZM corn,Conservation - residue
DNRA16_084,0.040274547,-0.172335071,0.117245185,0.294100155,-0.221832761,0.167716671,-0.168155852,-0.066066243,0.025625344,-0.088357829,-0.120303011,0.033030009,NT PP 13,PZM,Post-plant,Corn,PZM corn,Conservation - residue
DNRA16_085,0.045112818,0.026878673,-0.282218907,0.364297875,-0.241612027,0.115809736,-0.183928141,-0.009167377,0.028071678,-0.044602267,-0.130806034,0.085238712,NT PP 14,PZM,Post-plant,Corn,PZM corn,Conservation - residue
DNRA16_086,0.128123271,0.102601465,,,-0.021245037,0.176261637,-0.02115374,-0.211278446,-0.280871147,-0.082480081,0.078629304,-0.072235785,NT PP 21,No-till,Post-plant,Corn,NT corn,Conservation - no-till
DNRA16_087,-0.028175453,0.068067707,0.001397148,0.28023493,-0.00384914,0.193314146,-0.027786589,-0.246592919,-0.251138782,-0.116414655,0.060746914,-0.068673953,NT PP 22,No-till,Post-plant,Corn,NT corn,Conservation - no-till
DNRA16_088,,,-0.200636819,0.138305569,-0.241019383,0.022620394,-0.067947216,-0.147468255,-0.207512716,-0.042158269,0.056587786,-0.039727597,NT PP 23,No-till,Post-plant,Corn,NT corn,Conservation - no-till
DNRA16_089,-0.032329901,0.197159782,,,-0.000929049,0.221763853,-0.057282964,-0.116698633,-0.146793365,-0.105392301,0.03987774,-0.052887329,NT PP 24,No-till,Post-plant,Corn,NT corn,Conservation - no-till
DNRA16_090,,,0.32028279,0.061112375,0.011796937,-0.441659715,-0.03096854,0.31050926,0.229443538,-0.012742251,-0.390617244,0.080137415,NT PP 31,PZM,Post-plant,Soy,PZM soy,Conservation - residue
DNRA16_091,0.136355862,-0.126998587,0.190181268,-0.096428654,0.078720675,-0.433435654,-0.030873805,0.327377436,0.164962658,-0.009495398,-0.217372706,0.089030793,NT PP 32,PZM,Post-plant,Soy,PZM soy,Conservation - residue
DNRA16_092,0.134250459,-0.15617048,0.366663491,0.014484979,0.066612616,-0.279772393,-0.107104547,0.350550669,0.124309427,0.012366684,-0.260011817,0.083972661,NT PP 33,PZM,Post-plant,Soy,PZM soy,Conservation - residue
DNRA16_093,0.02714446,-0.14406924,0.279043569,-0.088204035,-0.146679196,-0.292084703,-0.096878811,0.268315355,0.25281346,-0.033935881,-0.310057253,-0.021711431,NT PP 34,PZM,Post-plant,Soy,PZM soy,Conservation - residue
DNRA16_094,,,,,-0.007041376,0.418354619,-0.078573322,-0.22151471,-0.266892398,-0.152108879,0.061519574,-0.067025778,NT PP 41,No-till,Post-plant,Soy,NT soy,Conservation - no-till
DNRA16_095,0.261162323,0.06033214,-0.189215761,0.093698307,-0.363385826,0.065159365,-0.038919701,-0.181654553,-0.227885658,-0.094055285,0.044965592,-0.037599989,NT PP 42,No-till,Post-plant,Soy,NT soy,Conservation - no-till
DNRA16_096,,,,,-0.395908566,-0.350412837,0.035056239,-0.277008442,-0.176836064,-0.093173755,0.117010485,-0.090171324,NT PP 43,No-till,Post-plant,Soy,NT soy,Conservation - no-till
DNRA16_097,-0.10633411,0.179394224,,,0.057416938,0.441323082,0.037258504,-0.196550992,-0.19268242,-0.125932353,0.30382623,0.047334358,NT PP 44,No-till,Post-plant,Soy,NT soy,Conservation - no-till
DNRA16_098,,,,,0.163665967,-0.407118666,-0.106215213,-0.083675474,0.016600341,-0.068659756,-0.043036548,-0.037758095,BC PG 11,Biochar,Peak growth,Corn,0+Biochar,Conventional
DNRA16_099,0.06095325,-0.268704318,,,-0.086348808,0.169405777,-0.187991181,-0.071982757,0.161805696,-0.04969122,0.025752856,-0.129244827,BC PG 12,Biochar,Peak growth,Corn,0+Biochar,Conventional
DNRA16_100,0.155675876,-0.034542567,0.052846466,-0.14911305,-0.116325396,-0.333711095,-0.098513708,-0.025537726,0.12313653,-0.022628078,-0.032204988,-0.087137538,BC PG 13,Biochar,Peak growth,Corn,0+Biochar,Conventional
DNRA16_101,0.093369502,-0.055871396,-0.008936626,0.215514609,-0.084538485,-0.171153627,-0.073348316,0.057336198,0.089821691,-0.001302784,-0.005052937,-0.056709038,BC PG 14,Biochar,Peak growth,Corn,0+Biochar,Conventional
DNRA16_102,0.071796861,-0.131541906,-0.073380608,0.298208398,-0.157262891,0.107538608,-0.022121838,0.013297291,0.056465565,-0.103876996,0.00565483,-0.075419478,BC PG 22,Biochar,Peak growth,Corn,240+Biochar,Conventional
DNRA16_103,0.069806464,-0.0553708,0.023826956,-0.227202813,-0.138895234,-0.161989428,-0.071109423,-0.012859188,0.076041869,-0.018086845,0.019713689,-0.058852376,BC PG 23,Biochar,Peak growth,Corn,240+Biochar,Conventional
DNRA16_104,0.175289017,0.069101887,,,-0.398896528,0.136022828,-0.156062307,-0.088232646,0.055862551,-0.050692955,-0.133670008,-0.100579167,BC PG 24,Biochar,Peak growth,Corn,240+Biochar,Conventional
DNRA16_105,,,0.086879531,-0.242674872,-0.37518141,-0.040168439,-0.086572616,0.113749229,0.114539597,-0.051738494,-0.03268617,-0.060804134,BC PG 31,Biochar,Peak growth,Corn,0+No Biochar,Conventional
DNRA16_106,,,,,0.30127317,0.096723414,-0.114572615,-0.000909108,0.001209657,-0.101298339,-0.000224991,-0.085559339,BC PG 32,Biochar,Peak growth,Corn,0+No Biochar,Conventional
DNRA16_107,-0.187226932,-0.1028942,,,-0.299337276,-0.175495218,-0.106788936,0.133699803,0.07988661,-0.002198961,0.012105404,-0.079199895,BC PG 33,Biochar,Peak growth,Corn,0+No Biochar,Conventional
DNRA16_108,0.225992725,-0.081747638,0.176571674,-0.010617866,-0.228140432,-0.006673626,-0.115068153,0.11375207,0.118600461,-0.034826112,0.003150472,-0.08525709,BC PG 34,Biochar,Peak growth,Corn,0+No Biochar,Conventional
DNRA16_109,0.154906995,0.171194331,,,-0.182263876,-0.096104636,-0.073904754,-0.06323157,0.011326166,-0.064325894,0.006931048,-0.063185117,BC PG 41,Biochar,Peak growth,Corn,240+No Biochar,Conventional
DNRA16_110,,,,,-0.059317435,0.307309938,-0.087605199,-0.097435574,-0.024621192,-0.072769095,0.01154186,-0.082156979,BC PG 42,Biochar,Peak growth,Corn,240+No Biochar,Conventional
DNRA16_111,-0.045548796,0.065604028,,,,,-0.066510113,0.021539092,0.056890193,-0.07072279,-0.047390527,-0.129062937,BC PG 43,Biochar,Peak growth,Corn,240+No Biochar,Conventional
DNRA16_112,0.05730526,0.153085334,0.03557751,0.073979449,-0.193163096,0.093933586,0.021319529,-0.016843792,0.05559986,-0.065859285,0.007771202,-0.040003692,BC PG 44,Biochar,Peak growth,Corn,240+No Biochar,Conventional
DNRA16_113,0.28933937,-0.054839618,,,0.204423789,-0.365096585,-0.048811351,0.386476715,0.32985238,0.017551255,-0.426280334,0.121217553,NT PG 11,PZM,Peak growth,Corn,PZM corn,Conservation - residue
DNRA16_114,-0.018291515,0.151648151,0.291152776,0.073095308,-0.371762178,-0.160587336,-0.10113091,0.231523269,0.185877283,-0.079016965,-0.023080278,-0.077654182,NT PG 12,PZM,Peak growth,Corn,PZM corn,Conservation - residue
DNRA16_115,0.037748461,-0.029837335,-0.026759141,-0.156174069,0.03575384,-0.039940517,-0.154178995,0.202802186,0.0147586,-0.123663901,-0.240276233,0.015793923,NT PG 13,PZM,Peak growth,Corn,PZM corn,Conservation - residue
DNRA16_116,-0.005787007,-0.024470687,0.255043903,0.166662621,-0.00414618,0.084839987,-0.04515846,0.038761705,-0.020211527,-0.099715935,-0.016837476,-0.011832627,NT PG 14,PZM,Peak growth,Corn,PZM corn,Conservation - residue
DNRA16_117,0.093222753,0.117721005,,,-0.085630633,0.38724918,0.147127149,-0.212127193,-0.255272732,-0.022064237,0.052370994,-0.049588132,NT PG 21,No-till,Peak growth,Corn,NT corn,Conservation - no-till
DNRA16_118,-0.080635691,0.134908059,,,-0.061393636,0.369930474,0.053490986,-0.276148381,-0.205442942,-0.061540592,0.080096741,-0.039943253,NT PG 22,No-till,Peak growth,Corn,NT corn,Conservation - no-till
DNRA16_119,-0.061923222,0.096795212,,,0.170226326,0.267424563,-0.029702098,-0.096335407,-0.2065687,-0.022079737,0.044097058,-0.067673056,NT PG 23,No-till,Peak growth,Corn,NT corn,Conservation - no-till
DNRA16_120,-0.055155562,-0.000984114,-0.196680491,-0.07744,-0.001978142,0.062446555,-0.052180815,-0.059045913,-0.039371035,0.0022648,0.039398212,-0.096854459,NT PG 24,No-till,Peak growth,Corn,NT corn,Conservation - no-till
DNRA16_121,-0.042046946,-0.175221179,0.160228493,-0.110453175,0.114716287,-0.196065508,-0.101027498,0.266436108,0.212478974,0.033333192,-0.310106646,0.079386124,NT PG 31,PZM,Peak growth,Soy,PZM soy,Conservation - residue
DNRA16_122,0.02937291,-0.007598674,0.140720978,-0.05919098,0.134163383,-0.205510215,-0.051814208,0.253165017,0.137613245,0.04390579,-0.083255235,-0.092805303,NT PG 32,PZM,Peak growth,Soy,PZM soy,Conservation - residue
DNRA16_123,0.157038965,-0.053710556,0.151580974,0.117089489,0.184123273,-0.274878122,-0.199148823,0.09742323,0.126666806,-0.006773601,-0.319646393,0.037868879,NT PG 33,PZM,Peak growth,Soy,PZM soy,Conservation - residue
DNRA16_124,-0.006337316,0.147046939,0.170562542,-0.062795999,0.257746811,-0.227906505,-0.145891649,0.316545277,0.242643282,0.00849557,-0.197330655,-0.032307057,NT PG 34,PZM,Peak growth,Soy,PZM soy,Conservation - residue
DNRA16_125,0.156442697,0.019112606,,,-0.045866202,0.101753675,0.11985566,0.177906362,-0.141875528,-0.041585286,0.071516607,-0.075748268,NT PG 41,No-till,Peak growth,Soy,NT soy,Conservation - no-till
DNRA16_126,,,-0.549619443,0.099368928,-0.133475931,0.21054948,-0.058020517,-0.184408019,-0.319853652,-0.133790914,0.076651427,-0.056933164,NT PG 42,No-till,Peak growth,Soy,NT soy,Conservation - no-till
DNRA16_127,-0.089830654,-0.002108226,-0.171150509,-0.008232456,0.120755433,0.103041863,-0.020236486,-0.0394038,-0.090212043,-0.005604075,0.031484346,-0.034537884,NT PG 43,No-till,Peak growth,Soy,NT soy,Conservation - no-till
DNRA16_128,-0.118298009,0.126144818,,,0.042138855,0.253973237,0.102152884,-0.261345745,-0.16265274,-0.077066839,0.068611031,-0.069875537,NT PG 44,No-till,Peak growth,Soy,NT soy,Conservation - no-till
DNRA16_129,-0.0676418,0.13367849,-0.056711522,-0.18245811,0.147982467,0.313700813,-0.215965061,0.156009583,0.01821538,0.033288679,0.026405466,-0.021404049,EF PG 11,Energy Farm,Peak growth,Soy,CSR,Conventional
DNRA16_130,0.057916847,-0.075844933,,,-0.082385453,-0.086181988,-0.179332212,0.038189382,-0.003161703,-0.008622643,-0.015439785,-0.051745135,EF PG 12,Energy Farm,Peak growth,Soy,CSR,Conventional
DNRA16_131,-0.05186317,-0.087771734,0.027919594,-0.124578649,-0.029895679,-0.062718622,-0.082571915,0.137712544,0.05679103,0.002246027,-0.000545182,-0.045336643,EF PG 13,Energy Farm,Peak growth,Soy,CSR,Conventional
DNRA16_132,0.093756544,-0.013166141,-0.013862682,-0.07760177,0.057579359,0.182027161,0.023088861,-0.114469824,-0.01815804,0.004062867,0.03964529,-0.074774906,EF PG 14,Energy Farm,Peak growth,Soy,CSR,Conventional
DNRA16_133,-0.086601925,-0.012882083,-0.232284187,0.028829716,0.218228287,-0.082130157,0.135051998,-0.065896356,-0.002999568,0.091638138,0.106149657,0.011117309,EF PG 21,Energy Farm,Peak growth,Miscanthus,Miscanthus fert,Perennial
DNRA16_134,0.001313509,0.023002381,0.045804337,-0.023922286,0.146647575,-0.041716525,0.079564838,0.043410149,0.048348608,0.085479999,0.038186758,0.094218774,EF PG 22,Energy Farm,Peak growth,Miscanthus,Miscanthus fert,Perennial
DNRA16_135,-0.056488217,0.015642811,0.113335415,-0.008807251,0.137697021,0.002336883,0.146125258,0.121782057,-0.01954094,0.05065519,0.16690701,0.167826886,EF PG 23,Energy Farm,Peak growth,Miscanthus,Miscanthus fert,Perennial
DNRA16_136,-0.115645177,-0.020960361,-0.199872909,-0.165294711,0.224508337,-0.0208512,0.190812803,0.030411989,-0.109173087,0.131306921,0.078867971,0.026349687,EF PG 24,Energy Farm,Peak growth,Miscanthus,Miscanthus fert,Perennial
DNRA16_137,-0.075823515,-0.024386445,,,0.151837546,0.02592325,0.060616881,-0.080812234,-0.056922472,0.070545666,0.037783159,0.011213306,EF PG 31,Energy Farm,Peak growth,Miscanthus,Miscanthus unfert,Perennial
DNRA16_138,-0.041783456,0.133219748,0.447639712,0.173356613,0.259807581,-0.009341401,0.29907952,0.084154522,-0.090023397,0.108041685,0.011922991,0.158807563,EF PG 32,Energy Farm,Peak growth,Miscanthus,Miscanthus unfert,Perennial
DNRA16_139,,,,,0.056968845,0.256507963,0.210582294,-0.06222425,-0.144595567,0.091490557,0.06700705,0.002090115,EF PG 33,Energy Farm,Peak growth,Miscanthus,Miscanthus unfert,Perennial
DNRA16_140,,,,,0.219902742,0.206248324,0.285488983,0.037116121,-0.080352753,0.12977354,0.132696998,0.148146923,EF PG 34,Energy Farm,Peak growth,Miscanthus,Miscanthus unfert,Perennial
DNRA16_141,-0.211696437,0.05093328,-0.014066367,-0.220191606,0.207301939,0.332932407,0.133716854,-0.082944481,-0.101193664,0.155768552,0.096730862,-0.049878296,EF PG 41,Energy Farm,Peak growth,Switchgrass,Switchgrass,Perennial
DNRA16_142,-0.097837586,-0.035097534,,,0.290357036,-0.052642709,0.158850096,0.045214827,-0.033139092,0.144505305,0.038422803,0.019571468,EF PG 42,Energy Farm,Peak growth,Switchgrass,Switchgrass,Perennial
DNRA16_143,-0.03656841,-0.05628063,0.038044894,-0.208908434,0.110210261,-0.081069239,0.096725868,0.036746558,-0.047011884,0.159967,-0.006180108,0.039342434,EF PG 43,Energy Farm,Peak growth,Switchgrass,Switchgrass,Perennial
DNRA16_144,-0.177409406,-0.035899096,0.040186521,-0.35389816,0.318750659,0.044502128,0.059163501,-0.065426883,-0.116191742,0.146662868,0.025272708,0.139313032,EF PG 44,Energy Farm,Peak growth,Switchgrass,Switchgrass,Perennial
DNRA16_145,0.037376578,0.036241702,-0.029757512,-0.028945978,-0.0358037,0.052575403,-0.070012937,-0.10804963,-0.012236088,-0.054198219,0.027084101,-0.087571702,PB PG 11,Perennial Buffers,Peak growth,Corn,Corn simple,Conventional
DNRA16_146,-0.052220188,0.03243623,0.072388053,0.000245117,-0.00903912,0.02722856,-0.125064589,-0.013297864,0.067277532,-0.015126943,-0.014027377,-0.128383178,PB PG 12,Perennial Buffers,Peak growth,Corn,Corn simple,Conventional
DNRA16_147,0.100279806,0.016669747,-0.122754807,0.113771993,-0.157072945,0.143531912,-0.242679274,-0.068177536,-0.053746918,-0.032960216,0.03187224,-0.050976769,PB PG 13,Perennial Buffers,Peak growth,Corn,Corn simple,Conventional
DNRA16_148,0.118487241,0.032981279,0.056455977,0.026965798,-0.228164113,-0.04721415,-0.104988796,-0.102577082,0.028054717,-0.002453247,0.051147443,-0.08394248,PB PG 14,Perennial Buffers,Peak growth,Corn,Corn simple,Conventional
DNRA16_149,-0.007427887,-0.008626432,-0.007094412,0.045731379,-0.018037161,-0.013416665,-0.125484059,-0.145623155,-0.0323115,-0.023169897,0.03211142,-0.104183663,PB PG 21,Perennial Buffers,Peak growth,Corn,Corn complex,Conventional
DNRA16_150,-0.01744285,0.024793003,0.023472389,-0.084904818,0.045629256,-0.018115846,0.040699628,0.130910917,0.026429078,-0.021848591,0.021677181,-0.094543527,PB PG 22,Perennial Buffers,Peak growth,Corn,Corn complex,Conventional
DNRA16_151,-0.373332166,0.097597615,,,-0.333743922,0.282623401,-0.237557825,-0.022823818,-0.006890442,-0.098632972,0.037897669,-0.081279374,PB PG 23,Perennial Buffers,Peak growth,Corn,Corn complex,Conventional
DNRA16_152,-0.130402374,-0.157638793,-0.415784037,-0.25236025,-0.109604581,0.002752091,0.007772605,0.166361865,0.10469534,0.022273539,-0.297674965,-0.376926927,PB PG 24,Perennial Buffers,Peak growth,Corn,Corn complex,Conventional
DNRA16_153,0.059369977,-0.034159045,-0.045075679,0.138074049,0.074080897,-0.124922207,0.024332492,0.127070768,-0.07779889,-0.060467215,0.070443872,-0.171823516,PB PG 31,Perennial Buffers,Peak growth,Switchgrass - new,Bioenergy simple,Perennial - new
DNRA16_154,-0.104132164,-0.09953735,-0.126935673,0.361822637,-0.019619147,-0.249704334,-0.063347064,-0.006936756,0.049307854,0.061524852,-0.053201145,-0.224777213,PB PG 32,Perennial Buffers,Peak growth,Switchgrass - new,Bioenergy simple,Perennial - new
DNRA16_155,-0.130608158,0.025109994,-0.203860691,-0.227110419,0.394571645,0.069341817,0.034348744,-0.000266961,-0.042763927,-0.095247763,0.020048341,-0.048700575,PB PG 33,Perennial Buffers,Peak growth,Switchgrass - new,Bioenergy simple,Perennial - new
DNRA16_156,0.431090541,0.384862434,,,0.520562363,-0.007654073,-0.141250489,-0.166537646,0.159679065,0.142172951,0.107311062,-0.146182844,PB PG 34,Perennial Buffers,Peak growth,Switchgrass - new,Bioenergy simple,Perennial - new
DNRA16_157,0.115423966,0.073184131,-0.08760058,-0.173614726,-0.064052301,0.23317509,0.018447619,-0.099280415,-0.085456813,-0.027079916,0.092900537,-0.069614794,PB PG 41,Perennial Buffers,Peak growth,Switchgrass - new,Bioenergy complex,Perennial - new
DNRA16_158,-0.019755623,-0.038464051,-0.034752489,-0.016535738,0.04223921,0.003960933,-0.007077096,-0.00375488,-0.068061086,-0.049113108,0.020507091,-0.074132755,PB PG 42,Perennial Buffers,Peak growth,Switchgrass - new,Bioenergy complex,Perennial - new
DNRA16_159,-0.002871873,-0.060682387,0.05664136,0.039258547,0.001164565,-0.081219375,-0.016244142,0.117632749,0.123203641,0.034206815,0.03734713,-0.10809729,PB PG 43,Perennial Buffers,Peak growth,Switchgrass - new,Bioenergy complex,Perennial - new
DNRA16_160,-0.113523907,-0.076068124,0.03670862,-0.006612159,-0.01784879,-0.092064784,-0.140548557,-0.196323806,0.070809618,0.043855979,0.020881857,-0.109254593,PB PG 44,Perennial Buffers,Peak growth,Switchgrass - new,Bioenergy complex,Perennial - new
